연월,시도,월평균기온,월평균최고기온,월평균최저기온,가구수(개),공급량(㎥),총인구수
2021-01,강원,-4.2,1.5,-9.7,386599,51918.19419,1541696
2021-02,강원,1.3,7.3,-4.6,387774,43068.96262,1540875
2021-03,강원,7.0,13.3,1.3,388403,32782.803,1536399
2021-04,강원,11.8,17.9,5.7,390610,20762.35047,1536175
2021-05,강원,15.3,21.1,10.0,391098,14472.11024,1535491
2021-06,강원,20.6,25.9,16.3,391374,9705.271961,1535530
2021-07,강원,25.4,30.7,21.1,392318,6825.284001,1536140
2021-08,강원,23.3,27.8,20.1,393003,6163.332476,1536270
2021-09,강원,19.8,24.8,15.7,393895,6706.152759,1536765
2021-10,강원,13.2,19.1,8.5,396207,11676.59446,1537717
2021-11,강원,6.3,12.3,1.3,398554,23811.71541,1538273
2021-12,강원,-0.7,4.5,-5.6,403730,39836.34971,1538492
2022-01,강원,-3.8,2.3,-9.5,406296,50642.81171,1538660
2022-02,강원,-2.7,3.4,-8.3,407600,48179.32967,1539051
2022-03,강원,5.8,11.7,0.2,407585,37857.20152,1539036
2022-04,강원,13.0,19.6,6.3,407139,23853.50551,1539038
2022-05,강원,17.0,23.6,10.2,407616,13250.10704,1539005
2022-06,강원,21.2,25.9,16.9,408424,8973.399468,1539064
2022-07,강원,24.8,29.4,21.3,409829,6747.004784,1539178
2022-08,강원,23.9,27.9,20.7,410435,5867.389386,1538801
2022-09,강원,19.2,25.2,14.4,411952,6647.292059,1537396
2022-10,강원,11.9,18.1,7.2,413353,12788.77655,1537339
2022-11,강원,7.7,14.6,2.0,415222,21923.75661,1536863
2022-12,강원,-4.5,1.1,-9.4,418793,42406.83857,1536498
2023-01,강원,-3.5,2.3,-8.9,420873,52859.57364,1535373
2023-02,강원,0.3,6.2,-5.2,421277,44320.67478,1534067
2023-03,강원,7.8,15.1,0.8,421360,30381.8292,1533719
2023-04,강원,11.9,17.9,5.9,422127,19559.60999,1533356
2023-05,강원,17.1,23.4,10.8,422405,13099.56002,1533081
2023-06,강원,21.5,27.0,16.7,422520,8141.089653,1532617
2023-07,강원,25.1,29.8,21.6,422432,6311.938524,1532050
2023-08,강원,24.9,29.5,21.5,422838,5982.341767,1531390
2023-09,강원,20.9,25.7,17.2,423900,6158.406956,1530712
2023-10,강원,12.8,19.3,7.6,425797,10409.58745,1529500
2023-11,강원,5.7,11.1,0.7,427797,22462.53597,1528635
2023-12,강원,-0.6,4.2,-5.2,431073,41257.1779,1527807
2024-01,강원,-2.0,2.8,-6.4,433363,48946.56084,1526243
2024-02,강원,1.3,6.2,-2.9,434296,44258.01111,1524624
2024-03,강원,4.7,10.5,-0.9,433959,35942.23798,1524198
2024-04,강원,13.9,20.5,7.9,433607,21816.02777,1523661
2024-05,강원,16.7,23.3,10.4,433516,11580.5126,1522952
2024-06,강원,22.3,28.3,16.5,433531,8150.548979,1522542
2024-07,강원,25.4,29.2,22.4,434320,6796.292754,1521877
2024-08,강원,26.8,31.9,23.0,434933,5986.004164,1521066
2024-09,강원,22.2,27.1,18.4,435721,5808.092891,1520410
2024-10,강원,14.0,19.6,9.6,436966,9798.694829,1519545
2024-11,강원,7.7,13.7,2.6,440629,18943.83633,1518700
2024-12,강원,-1.1,4.1,-5.8,443774,39123.62439,1517766
2025-01,강원,-2.9,2.5,-7.7,444836,50677.42369,1515822
2025-02,강원,-2.8,3.0,-8.5,445730,50265.85448,1513735
2025-03,강원,5.5,11.8,-0.2,446378,40159.23482,1512969
2025-04,강원,11.8,18.7,5.1,446315,25896.94596,1512088
2025-05,강원,15.7,21.6,10.1,445688,15428.93148,1511341
2025-06,강원,22.5,27.9,17.4,445389,9851.904954,1510615
2025-07,강원,26.1,31.0,22.3,445743,7154.813754,1510181
2025-08,강원,26.2,31.0,22.4,447919,5958.109562,1509670
2025-09,강원,20.9,25.9,16.8,449320,5869.665728,1509396
2025-10,강원,14.3,18.6,10.9,450727,8130.252148,1509064
2025-11,강원,6.6,13.1,1.1,452006,18979.13885,1508951
2025-12,강원,-0.0,4.5,-4.7,455637,35735.95978,1508500
2026-01,강원,-4.8,0.6,-10.3,458723,51082.11342,1507634
2026-02,강원,0.8,6.9,-4.9,460441,52300.84634,1506699
2026-03,강원,5.5,12.0,-0.4,461343,37121.45454,1506843
2026-04,강원,12.7,19.8,6.0,461164,26403.46152,1507199
2026-05,강원,17.8,24.3,11.8,460393,13588.73984,1507237
2026-06,강원,20.9,26.9,15.4,460719,9140.314502,1507217
2021-01,경기,-2.8,2.2,-7.8,4909814,522299.1084,13449499
2021-02,경기,2.1,7.7,-3.2,4912208,405507.2495,13471758
2021-03,경기,8.1,14.1,2.9,4927006,291559.8218,13465837
2021-04,경기,13.4,19.0,8.0,4907175,179336.2137,13479798
2021-05,경기,16.3,21.5,11.7,4912560,123819.1526,13488910
2021-06,경기,22.0,26.9,17.9,4826844,71731.80716,13500688
2021-07,경기,27.0,31.5,23.3,4858956,48541.53314,13512867
2021-08,경기,25.1,29.3,21.9,4827118,47631.59739,13530519
2021-09,경기,21.9,26.6,18.0,4856412,45574.28996,13542284
2021-10,경기,15.0,20.3,10.6,4912992,121921.3502,13549577
2021-11,경기,7.6,13.0,3.0,4930072,254445.0698,13557973
2021-12,경기,0.3,5.2,-4.2,4955986,423165.831,13565450
2022-01,경기,-2.5,2.6,-7.4,4982294,520447.4341,13571450
2022-02,경기,-1.4,3.9,-6.3,4988223,457002.0965,13574369
2022-03,경기,7.0,12.4,2.0,4982372,335091.9862,13575936
2022-04,경기,13.6,19.7,8.1,4976678,199711.4076,13577808
2022-05,경기,17.9,23.8,12.1,4979243,101100.1322,13581496
2022-06,경기,22.5,26.9,18.7,4957618,56180.79802,13585967
2022-07,경기,26.4,30.4,23.2,4975876,65986.80651,13589362
2022-08,경기,25.0,28.4,22.2,4988770,46897.45813,13590056
2022-09,경기,21.3,26.7,17.0,4994281,55390.65645,13574353
2022-10,경기,13.7,19.3,9.1,5036338,123056.7837,13579508
2022-11,경기,9.0,15.0,3.9,5102539,226505.8475,13583238
2022-12,경기,-3.6,1.1,-8.0,5048969,434613.2688,13589432
2023-01,경기,-2.3,2.7,-6.9,5059194,509891.0414,13596091
2023-02,경기,1.5,6.9,-3.2,5138861,383958.0142,13600800
2023-03,경기,8.6,15.4,2.4,5124395,263261.939,13603546
2023-04,경기,13.0,18.5,7.5,5088574,163659.4416,13607919
2023-05,경기,18.3,24.0,13.0,5017093,102821.4705,13612597
2023-06,경기,22.4,27.0,18.5,4971603,50399.31207,13618969
2023-07,경기,25.8,29.5,22.8,4974598,62847.49718,13623055
2023-08,경기,26.4,30.4,23.2,4943505,41079.82018,13624964
2023-09,경기,22.8,27.1,19.2,5013437,47448.77251,13626339
2023-10,경기,14.7,20.3,10.0,4984606,93916.81638,13627840
2023-11,경기,6.5,11.4,2.0,4998433,214664.4475,13628135
2023-12,경기,0.6,5.0,-3.6,5088010,423509.6098,13630821
2024-01,경기,-0.9,3.2,-4.7,5218486,459109.1324,13635250
2024-02,경기,3.2,7.8,-0.7,5281228,382037.4505,13639616
2024-03,경기,6.4,11.8,1.3,5226651,303634.2152,13642451
2024-04,경기,15.1,21.3,9.8,5215549,154103.4678,13648156
2024-05,경기,17.5,22.9,12.4,5203641,86922.46003,13654710
2024-06,경기,23.1,28.6,18.0,5218690,48872.40179,13661438
2024-07,경기,25.9,29.2,23.2,5222393,68008.65426,13669469
2024-08,경기,28.2,32.6,25.0,5201632,43649.06997,13675873
2024-09,경기,24.6,29.1,21.0,5210785,38828.01282,13680645
2024-10,경기,15.8,20.8,11.5,5214398,72459.57501,13686731
2024-11,경기,8.9,14.5,4.2,5223687,177861.849,13690645
2024-12,경기,0.1,4.8,-4.1,5097264,401935.7078,13694685
2025-01,경기,-1.4,3.3,-5.6,5115623,475190.6229,13699647
2025-02,경기,-1.8,3.3,-6.6,5126745,441586.4084,13698657
2025-03,경기,7.1,13.0,1.9,5131322,296904.0196,13699381
2025-04,경기,12.5,18.4,6.8,5111778,175157.831,13702756
2025-05,경기,16.8,21.9,12.1,5100981,111717.5236,13706488
2025-06,경기,22.8,27.5,18.6,5103742,51690.51438,13711404
2025-07,경기,27.4,31.4,24.1,5105689,63974.50151,13715016
2025-08,경기,27.2,31.3,24.0,5091614,38065.27903,13720015
2025-09,경기,22.6,26.9,19.2,5091971,37354.39937,13721178
2025-10,경기,16.0,20.3,12.4,5101382,86298.61174,13724652
2025-11,경기,8.1,13.8,3.1,5116869,208992.0367,13725710
2025-12,경기,0.7,5.1,-3.6,5137656,396842.1974,13730135
2026-01,경기,-3.8,0.9,-8.5,5081614,498700.4961,13736642
2026-02,경기,1.8,7.5,-3.4,5091361,414122.42,13742072
2026-03,경기,7.3,13.2,2.0,5084868,281600.7903,13745673
2026-04,경기,13.6,20.1,7.6,5063930,154299.208,13751098
2026-05,경기,18.7,24.6,13.4,5051244,87683.72314,13755126
2026-06,경기,23.1,28.5,18.2,5047607,44922.2367,13761783
2021-01,경남,1.4,7.0,-3.7,1122511,107803.1863,3338396
2021-02,경남,5.4,11.5,-0.1,1123620,104147.5043,3336045
2021-03,경남,10.2,16.1,4.9,1124571,77587.98252,3330463
2021-04,경남,14.0,20.2,8.2,1127263,54812.1047,3329623
2021-05,경남,17.7,23.0,12.7,1128585,34874.81185,3327298
2021-06,경남,22.0,26.8,18.1,1129884,23178.57562,3325840
2021-07,경남,26.1,30.6,22.7,1130481,16256.35536,3324735
2021-08,경남,25.7,30.1,22.6,1131235,13550.09576,3322373
2021-09,경남,22.0,26.2,18.8,1133242,13412.55784,3319271
2021-10,경남,16.6,22.7,12.0,1133412,18993.823,3318161
2021-11,경남,9.8,16.4,4.7,1136724,37849.05346,3316365
2021-12,경남,3.8,9.7,-1.3,1140277,69504.35434,3314183
2022-01,경남,1.7,7.9,-3.4,1141442,101960.6127,3311438
2022-02,경남,2.1,8.0,-3.2,1144032,110786.0888,3307005
2022-03,경남,9.4,15.4,3.7,1145385,89589.18306,3303274
2022-04,경남,14.6,20.9,8.9,1146512,61837.20019,3300692
2022-05,경남,19.0,25.5,12.8,1148679,34296.5856,3298016
2022-06,경남,22.4,27.0,18.8,1149715,21069.3424,3295615
2022-07,경남,26.4,30.8,22.9,1151566,15631.08855,3293709
2022-08,경남,26.1,30.0,22.9,1153046,12402.18649,3290991
2022-09,경남,21.8,26.7,17.9,1155037,13224.63584,3286470
2022-10,경남,15.6,21.8,10.5,1156388,19194.39058,3284495
2022-11,경남,11.3,18.2,5.8,1159063,35159.7312,3282849
2022-12,경남,1.3,6.8,-3.2,1161412,64188.45213,3280493
2023-01,경남,1.7,7.8,-3.6,1161228,110347.3454,3277672
2023-02,경남,4.6,10.8,-0.7,1163164,101036.2408,3272381
2023-03,경남,10.8,17.6,4.8,1162990,73101.72867,3269228
2023-04,경남,13.9,19.7,8.3,1163326,48085.12141,3267369
2023-05,경남,17.9,23.2,13.1,1165565,32558.68524,3265018
2023-06,경남,22.6,27.6,18.4,1167646,22449.49391,3263251
2023-07,경남,25.5,29.4,22.6,1169357,15090.39273,3261361
2023-08,경남,27.1,31.4,23.9,1172850,13439.69934,3258309
2023-09,경남,23.4,27.9,20.3,1175272,11865.20291,3257009
2023-10,경남,16.0,22.4,11.0,1176911,16738.35456,3255239
2023-11,경남,9.7,15.7,4.4,1179755,32435.54201,3253619
2023-12,경남,4.3,9.8,-0.3,1181984,67359.02133,3251158
2024-01,경남,2.9,8.4,-1.7,1186761,96730.48731,3248703
2024-02,경남,5.7,10.5,1.7,1187198,98043.6394,3244232
2024-03,경남,8.4,14.0,3.1,1187799,80692.5853,3241374
2024-04,경남,15.3,21.2,10.3,1189844,60551.22775,3239224
2024-05,경남,18.4,24.7,12.5,1191682,30376.75067,3237140
2024-06,경남,22.7,28.1,18.1,1194878,20649.04061,3236224
2024-07,경남,26.5,30.1,23.7,1197398,14966.64811,3235125
2024-08,경남,28.4,33.5,24.7,1198229,12705.31535,3233629
2024-09,경남,25.6,30.5,22.1,1198989,10204.08056,3232297
2024-10,경남,17.6,22.7,13.6,1201046,14468.19139,3231132
2024-11,경남,11.3,16.8,6.9,1204211,29299.7829,3230071
2024-12,경남,3.8,9.4,-0.9,1208106,59659.22788,3228380
2025-01,경남,1.7,7.6,-3.3,1216802,99512.90369,3226599
2025-02,경남,1.4,7.2,-3.5,1222258,111750.6351,3221132
2025-03,경남,8.9,14.7,3.4,1223892,91711.55749,3219574
2025-04,경남,13.9,20.2,8.1,1223899,59506.06701,3218731
2025-05,경남,17.1,22.6,12.4,1223996,34854.6167,3217584
2025-06,경남,23.0,28.0,18.5,1223594,22427.32546,3216105
2025-07,경남,27.2,32.3,23.1,1226283,14927.58433,3214016
2025-08,경남,27.5,32.3,23.9,1228186,11762.11878,3212001
2025-09,경남,24.3,28.7,21.1,1229142,11092.38827,3210425
2025-10,경남,18.0,22.5,14.6,1230574,14323.05759,3209853
2025-11,경남,10.0,16.7,4.7,1231563,31862.47491,3208860
2025-12,경남,4.4,10.2,-0.8,1235834,64949.23412,3207383
2026-01,경남,1.1,7.0,-4.2,1236996,100885.3312,3205787
2026-02,경남,4.8,11.3,-0.9,1238738,107093.1638,3201389
2026-03,경남,9.0,15.3,3.6,1238993,80597.35578,3198787
2026-04,경남,14.9,21.0,9.6,1239034,54793.44929,3197859
2026-05,경남,19.0,25.2,13.3,1239687,29273.9843,3196632
2026-06,경남,22.3,27.3,18.0,1240068,19803.3508,3195351
2021-01,경북,-1.1,4.8,-6.5,834647,107101.8075,2637639
2021-02,경북,3.5,10.0,-2.5,836428,78868.38153,2636747
2021-03,경북,8.8,14.7,3.0,834460,64774.36696,2635563
2021-04,경북,12.8,19.0,6.6,835822,40814.27886,2635896
2021-05,경북,16.3,22.2,10.8,837054,27914.6244,2633592
2021-06,경북,21.3,26.4,16.9,838996,17136.5726,2632401
2021-07,경북,25.4,30.4,21.3,840476,13060.54239,2631649
2021-08,경북,24.1,28.6,20.9,841897,10665.04699,2630254
2021-09,경북,20.6,25.2,16.8,844357,13971.73445,2628344
2021-10,경북,14.7,21.0,9.9,846487,24762.83658,2627925
2021-11,경북,8.2,14.7,2.9,851476,50302.09091,2627468
2021-12,경북,2.0,8.0,-3.3,856443,84887.42311,2626609
2022-01,경북,-0.4,5.7,-5.9,858131,102122.3281,2624310
2022-02,경북,0.2,6.3,-5.3,855411,91495.83781,2622026
2022-03,경북,7.9,14.1,1.9,859191,71152.33312,2619641
2022-04,경북,14.2,21.1,7.2,855385,42921.17368,2617552
2022-05,경북,18.6,25.6,11.6,859522,23591.72047,2616177
2022-06,경북,22.5,27.9,17.7,856901,15670.95134,2613963
2022-07,경북,25.7,30.3,22.1,860280,11267.50497,2612016
2022-08,경북,25.1,29.3,21.7,858300,9972.686713,2609356
2022-09,경북,20.3,25.7,15.9,864118,13203.54673,2605066
2022-10,경북,13.8,20.1,8.5,861764,25032.86312,2603389
2022-11,경북,9.5,16.7,3.5,867414,45060.08801,2602052
2022-12,경북,-1.1,4.3,-5.8,870257,90980.26276,2600492
2023-01,경북,-0.3,5.6,-5.6,875280,100097.6182,2597527
2023-02,경북,3.0,9.2,-2.5,874011,81710.74533,2594399
2023-03,경북,10.0,17.2,3.0,873899,55862.3513,2593210
2023-04,경북,13.2,19.5,6.7,873476,35909.01453,2592205
2023-05,경북,17.9,23.7,11.8,875910,27051.25053,2590726
2023-06,경북,22.4,27.9,17.6,877283,14321.47353,2588860
2023-07,경북,25.3,29.8,21.8,877153,11698.84194,2564065
2023-08,경북,26.2,30.7,22.7,878047,10269.67568,2561623
2023-09,경북,22.2,26.7,18.7,879186,11121.57116,2559924
2023-10,경북,14.3,21.1,8.8,880025,19949.61159,2558085
2023-11,경북,7.9,13.9,2.5,883277,45177.17111,2556262
2023-12,경북,2.2,7.5,-2.6,889346,83098.08407,2554324
2024-01,경북,1.1,6.1,-3.4,891547,93047.49406,2551370
2024-02,경북,4.1,8.8,0.0,890404,76383.50888,2548440
2024-03,경북,7.0,12.7,1.5,887852,72033.02078,2546960
2024-04,경북,15.0,21.1,9.2,888322,33389.5073,2546120
2024-05,경북,17.7,24.5,11.2,889199,21944.99547,2545421
2024-06,경북,22.8,28.8,17.3,893128,14419.06285,2544174
2024-07,경북,26.4,30.4,23.0,893459,11291.03707,2542072
2024-08,경북,27.6,33.0,23.4,893878,9787.546792,2540046
2024-09,경북,24.1,29.1,20.2,895265,9095.162497,2537955
2024-10,경북,15.9,21.1,11.6,897993,20276.58011,2535971
2024-11,경북,9.7,15.5,4.7,900153,42605.81073,2533979
2024-12,경북,2.2,7.3,-2.5,906441,83219.28319,2531384
2025-01,경북,0.1,5.8,-4.9,907568,99757.01918,2528641
2025-02,경북,-0.2,5.7,-5.7,908818,92530.63296,2524067
2025-03,경북,7.8,14.0,1.8,907654,66907.75169,2523173
2025-04,경북,13.4,20.5,6.3,907432,37148.28823,2522609
2025-05,경북,16.8,22.9,11.1,907368,24126.58375,2520934
2025-06,경북,23.3,29.1,18.1,907059,13082.96521,2519474
2025-07,경북,26.9,32.1,22.4,906612,10651.95798,2516753
2025-08,경북,27.4,32.8,22.9,906978,9486.86633,2514198
2025-09,경북,22.6,27.5,18.9,908710,9533.46823,2512441
2025-10,경북,16.2,20.3,12.9,910996,20121.70492,2510859
2025-11,경북,8.2,15.1,2.5,914037,48593.12818,2509131
2025-12,경북,2.1,7.8,-3.1,919279,82407.43591,2506526
2026-01,경북,-1.4,4.2,-6.7,919598,105378.6963,2503544
2026-02,경북,3.0,9.5,-2.8,918667,78144.00127,2500499
2026-03,경북,7.7,13.8,1.8,917544,67786.52094,2499357
2026-04,경북,13.9,20.5,7.5,919606,34480.05998,2498364
2026-05,경북,18.9,25.7,12.5,919760,20868.52857,2496706
2026-06,경북,21.9,27.6,16.6,919480,12845.34142,2495919
2021-01,광주,1.4,6.4,-2.6,633489,71711.0,1449115
2021-02,광주,5.1,10.7,0.4,633422,52955.0,1447953
2021-03,광주,10.6,17.0,5.6,633620,40668.0,1445473
2021-04,광주,14.9,20.9,9.7,634332,27705.0,1444787
2021-05,광주,18.4,24.0,13.4,634935,19404.0,1443154
2021-06,광주,23.3,28.3,19.2,635307,11806.0,1442647
2021-07,광주,27.0,31.4,23.6,635695,10413.0,1442482
2021-08,광주,25.8,30.3,22.5,637065,9003.0,1441970
2021-09,광주,22.9,27.2,19.5,638777,9386.0,1442827
2021-10,광주,17.2,22.7,12.8,641096,18716.0,1442454
2021-11,광주,10.2,15.8,5.8,642924,37940.0,1442138
2021-12,광주,4.1,9.4,0.0,645814,63458.0,1441611
2022-01,광주,1.6,6.7,-2.3,645859,71753.0,1441636
2022-02,광주,1.8,7.2,-2.4,647705,62505.0,1440032
2022-03,광주,9.6,15.6,4.5,648230,45221.0,1438463
2022-04,광주,15.5,22.6,9.8,648333,26544.0,1436916
2022-05,광주,19.3,26.1,13.8,648551,17250.0,1436012
2022-06,광주,23.8,29.0,20.1,648929,11409.0,1435378
2022-07,광주,27.0,31.1,23.8,649499,9774.0,1434703
2022-08,광주,26.9,30.6,24.1,651605,7914.0,1434397
2022-09,광주,23.1,28.0,19.1,653248,9256.0,1432856
2022-10,광주,16.0,21.6,11.4,655549,18619.0,1432651
2022-11,광주,11.8,18.1,6.8,657230,31285.0,1432049
2022-12,광주,1.1,5.5,-2.6,659202,68114.0,1431050
2023-01,광주,1.7,6.7,-2.5,659741,67050.0,1429816
2023-02,광주,4.2,10.1,-0.5,660536,49575.0,1428927
2023-03,광주,11.2,18.2,5.1,660156,35224.0,1427508
2023-04,광주,14.7,20.8,9.4,659946,23805.0,1426625
2023-05,광주,19.4,25.0,14.9,659530,15594.0,1425739
2023-06,광주,23.4,28.8,19.5,659132,10518.0,1424818
2023-07,광주,26.3,30.3,23.4,659158,9404.0,1424305
2023-08,광주,27.3,32.0,24.0,659746,7787.0,1423810
2023-09,광주,23.8,28.3,20.4,660728,8641.0,1422999
2023-10,광주,16.6,22.0,12.2,662096,14824.0,1421760
2023-11,광주,9.9,14.9,5.4,664311,34276.0,1420822
2023-12,광주,4.8,9.0,1.2,665794,59382.0,1419237
2024-01,광주,3.0,7.3,-0.5,665487,61649.0,1418241
2024-02,광주,6.1,10.6,2.3,665959,50849.0,1417031
2024-03,광주,8.2,14.1,3.4,666658,46450.0,1415774
2024-04,광주,16.6,22.5,11.6,666267,20038.0,1414862
2024-05,광주,19.2,25.3,14.0,666154,16264.0,1414254
2024-06,광주,23.8,29.3,19.4,666046,11670.0,1413606
2024-07,광주,26.9,30.5,24.3,666067,8973.0,1412986
2024-08,광주,28.5,33.5,24.9,666577,8425.0,1412063
2024-09,광주,26.3,31.0,22.5,667362,7660.0,1411357
2024-10,광주,17.7,22.6,13.7,668756,13025.0,1410548
2024-11,광주,11.5,16.5,7.5,670299,29065.0,1409624
2024-12,광주,3.8,7.9,0.4,672205,58918.0,1408422
2025-01,광주,1.9,6.8,-2.0,672120,66916.0,1407097
2025-02,광주,1.1,5.7,-2.9,672736,61461.0,1405226
2025-03,광주,9.3,15.5,4.3,672131,42505.0,1402478
2025-04,광주,14.6,21.5,8.9,671419,25456.0,1400827
2025-05,광주,18.2,23.5,13.6,671118,19441.0,1399880
2025-06,광주,24.0,29.0,19.5,670913,11136.0,1399082
2025-07,광주,28.2,33.2,24.1,670400,8737.0,1398538
2025-08,광주,27.7,32.2,24.3,671037,8848.0,1397772
2025-09,광주,24.1,28.3,21.0,671779,7783.0,1397122
2025-10,광주,18.4,22.9,15.0,672824,13438.0,1395869
2025-11,광주,10.6,16.2,6.0,674141,32258.0,1394301
2025-12,광주,4.6,9.8,0.1,674962,54596.0,1392013
2026-01,광주,0.5,5.5,-3.8,675431,72040.0,1390658
2026-02,광주,4.1,10.4,-0.8,676364,52720.0,1389235
2026-03,광주,9.2,16.4,4.0,676406,40690.0,1387619
2026-04,광주,15.3,21.7,9.8,676423,23634.0,1386567
2026-05,광주,19.9,26.1,14.5,676440,16707.0,1386379
2026-06,광주,23.8,29.4,19.4,676234,10397.0,1385460
2021-01,대구,0.5,5.9,-4.3,1029030,110489.9539,2415813
2021-02,대구,4.8,11.1,-0.6,1031079,115425.2637,2413191
2021-03,대구,10.2,16.1,4.7,1032180,85274.79149,2408875
2021-04,대구,14.5,20.6,8.8,1033244,62427.75048,2406296
2021-05,대구,18.3,24.3,12.8,1033179,38242.64169,2402940
2021-06,대구,23.2,28.5,18.9,1031549,22603.23049,2397646
2021-07,대구,26.9,32.1,22.9,1031902,14888.53269,2395749
2021-08,대구,25.7,30.5,22.4,1032446,12154.79061,2393626
2021-09,대구,22.1,26.4,18.7,1033412,11504.67457,2392787
2021-10,대구,16.5,22.7,11.5,1034458,14668.24973,2390721
2021-11,대구,9.5,15.7,4.4,1035505,31442.50053,2388230
2021-12,대구,3.1,8.9,-2.1,1036211,64355.40161,2385412
2022-01,대구,0.9,6.8,-4.1,1036847,103473.6709,2383858
2022-02,대구,1.6,7.4,-3.4,1037859,114364.2452,2381095
2022-03,대구,9.7,15.9,3.8,1039199,96725.60851,2380494
2022-04,대구,15.9,22.7,9.4,1039688,67210.92959,2378573
2022-05,대구,20.7,27.4,14.1,1040254,32900.26636,2376676
2022-06,대구,24.3,29.7,19.8,1040774,19289.98175,2375306
2022-07,대구,27.5,32.4,23.7,1041524,13221.21111,2374120
2022-08,대구,26.9,31.4,23.4,1042624,9418.381038,2371936
2022-09,대구,21.9,26.8,17.7,1042339,9796.833764,2367735
2022-10,대구,15.5,21.6,10.1,1043174,14208.84839,2366852
2022-11,대구,11.0,17.7,5.2,1043556,29607.73085,2365619
2022-12,대구,0.4,5.4,-4.0,1044262,54075.77497,2363691
2023-01,대구,0.9,6.7,-4.3,1044676,112655.1373,2362880
2023-02,대구,4.4,10.4,-0.7,1045722,110058.4634,2360662
2023-03,대구,11.8,18.8,5.4,1046628,79703.91417,2358988
2023-04,대구,14.8,20.9,8.8,1047574,48452.94375,2357881
2023-05,대구,19.3,25.1,13.8,1048640,30639.91761,2357032
2023-06,대구,24.0,29.6,19.3,1049577,19974.48779,2356416
2023-07,대구,26.7,31.1,23.1,1050288,12842.62193,2379086
2023-08,대구,27.5,31.9,24.0,1050288,12842.62193,2378464
2023-09,대구,23.5,27.9,20.0,1051658,9972.669826,2377801
2023-10,대구,15.9,22.4,10.5,1052272,12534.98793,2376978
2023-11,대구,9.2,15.1,4.1,1053050,25053.84099,2376044
2023-12,대구,3.5,8.6,-1.3,1054194,62210.39091,2374960
2024-01,대구,2.3,7.6,-2.1,1054647,97433.61868,2373844
2024-02,대구,5.4,10.4,1.5,1055564,103801.1763,2372008
2024-03,대구,8.5,14.3,3.2,1056468,83655.54288,2369962
2024-04,대구,16.3,22.5,10.8,1057179,66190.36335,2368670
2024-05,대구,19.4,26.2,12.9,1058275,29381.30556,2367803
2024-06,대구,24.6,30.4,19.4,1058822,19682.52601,2367183
2024-07,대구,27.8,31.7,24.5,1059618,13261.67902,2366660
2024-08,대구,29.1,34.4,25.0,1060410,11778.63045,2366033
2024-09,대구,25.4,30.4,21.6,1061493,9677.692071,2365523
2024-10,대구,17.0,21.8,13.0,1061859,10938.97875,2364892
2024-11,대구,10.7,16.3,6.0,1062630,22841.58092,2364334
2024-12,대구,3.5,8.3,-0.8,1064013,50956.93968,2363629
2025-01,대구,1.4,7.0,-3.4,1066082,97784.25664,2363281
2025-02,대구,1.2,6.6,-3.4,1067456,110166.5137,2362578
2025-03,대구,9.6,15.6,3.8,1066931,98323.8274,2360493
2025-04,대구,14.9,21.9,8.3,1066661,61570.5046,2359159
2025-05,대구,18.1,24.2,12.8,1066428,33234.05726,2357997
2025-06,대구,24.8,30.6,19.5,1066351,21565.01418,2357052
2025-07,대구,28.0,33.1,23.7,1066131,13087.05584,2357040
2025-08,대구,28.8,33.9,24.4,1066086,10342.66342,2356667
2025-09,대구,23.9,28.5,20.7,1067446,9191.459322,2356372
2025-10,대구,17.4,21.4,14.2,1069342,10781.29402,2355677
2025-11,대구,9.6,16.2,4.0,1071294,23705.29934,2354398
2025-12,대구,3.5,8.8,-1.2,1072548,55284.30685,2353032
2026-01,대구,0.3,5.8,-4.4,1073657,100526.0582,2352249
2026-02,대구,4.3,10.6,-1.1,1075946,115840.6119,2351461
2026-03,대구,9.3,15.4,3.8,1073906,85705.65132,2350042
2026-04,대구,15.3,21.5,9.7,1072803,60936.75351,2349360
2026-05,대구,20.3,26.8,14.0,1071693,30256.35345,2349305
2026-06,대구,23.4,28.8,18.4,1071254,17871.28758,2348165
2021-01,대전,-1.0,4.6,-6.0,620123,82688.0,1463291
2021-02,대전,4.0,10.0,-1.6,621337,52690.0,1462064
2021-03,대전,9.6,15.9,4.0,614543,43581.0,1458463
2021-04,대전,14.7,20.9,8.9,609982,23916.0,1457619
2021-05,대전,17.7,23.1,12.8,608289,17463.0,1457161
2021-06,대전,23.5,28.5,19.1,605200,9452.0,1456107
2021-07,대전,27.8,32.3,24.0,605368,7779.0,1455300
2021-08,대전,25.8,29.9,22.6,607884,6464.0,1454679
2021-09,대전,22.4,26.8,18.9,607764,8412.0,1455058
2021-10,대전,15.7,21.9,10.8,610689,17344.0,1454228
2021-11,대전,8.9,14.9,4.0,612756,40618.0,1453675
2021-12,대전,1.9,7.6,-3.0,623229,67748.0,1452251
2022-01,대전,-0.8,5.2,-5.9,625780,77387.0,1451272
2022-02,대전,0.1,6.1,-5.2,628250,64108.0,1450862
2022-03,대전,8.3,14.5,2.5,625118,48729.0,1450057
2022-04,대전,14.9,21.9,8.3,623386,26001.0,1449360
2022-05,대전,19.4,26.3,12.7,622016,13848.0,1448933
2022-06,대전,24.1,29.4,19.8,624130,8976.0,1448401
2022-07,대전,27.0,31.5,23.4,621934,6774.0,1448182
2022-08,대전,25.7,29.6,22.7,623496,6210.0,1448240
2022-09,대전,21.8,27.5,17.4,622977,8238.0,1446602
2022-10,대전,14.3,20.7,9.1,625821,18159.0,1446863
2022-11,대전,9.5,16.6,3.8,627074,35640.0,1446749
2022-12,대전,-2.0,3.3,-6.4,638282,75520.0,1446072
2023-01,대전,-0.9,5.3,-5.9,639022,72825.0,1445806
2023-02,대전,2.4,8.8,-2.9,643764,56256.0,1445875
2023-03,대전,10.2,17.8,3.0,637388,36550.0,1445519
2023-04,대전,13.7,19.9,7.6,635272,21562.0,1445214
2023-05,대전,19.0,25.0,13.2,633801,13853.0,1445221
2023-06,대전,23.6,29.2,18.9,634936,8167.0,1445126
2023-07,대전,25.8,30.2,22.6,633438,7016.0,1444898
2023-08,대전,27.0,31.7,23.2,633566,6207.0,1444837
2023-09,대전,22.8,27.5,19.2,631538,7007.0,1444595
2023-10,대전,15.0,21.4,9.8,634733,14419.0,1443965
2023-11,대전,7.6,13.2,2.6,634574,36113.0,1443106
2023-12,대전,2.2,7.3,-2.0,642523,63791.0,1442216
2024-01,대전,0.3,5.3,-3.9,644397,69596.0,1441562
2024-02,대전,4.3,9.1,0.2,644513,53257.0,1441536
2024-03,대전,7.2,13.1,1.8,639689,49110.0,1441689
2024-04,대전,16.1,22.6,10.3,638391,17748.0,1441272
2024-05,대전,18.5,24.8,12.4,636778,12947.0,1441119
2024-06,대전,24.0,30.0,18.5,635114,8740.0,1440558
2024-07,대전,26.6,30.4,23.7,625501,7027.0,1439889
2024-08,대전,28.7,33.5,25.0,623873,5789.0,1439926
2024-09,대전,25.8,31.0,22.0,607445,5448.0,1440456
2024-10,대전,16.3,21.5,12.1,612760,12498.0,1440094
2024-11,대전,9.7,16.1,4.6,611068,29159.0,1439687
2024-12,대전,1.8,6.7,-2.3,621651,64154.0,1439157
2025-01,대전,0.5,6.0,-4.1,620974,71955.0,1438974
2025-02,대전,-0.1,5.8,-5.1,629371,64714.0,1439809
2025-03,대전,8.6,14.9,3.1,622666,44404.0,1439482
2025-04,대전,14.4,21.5,7.8,620860,24667.0,1439393
2025-05,대전,18.0,23.6,12.5,617390,15508.0,1439607
2025-06,대전,24.0,29.5,19.2,639947,8548.0,1439764
2025-07,대전,28.3,32.9,24.3,619364,6481.0,1440682
2025-08,대전,28.2,32.9,24.4,622196,5943.0,1441596
2025-09,대전,23.3,27.7,20.1,619105,5854.0,1442228
2025-10,대전,16.9,21.5,13.4,621496,11990.0,1442046
2025-11,대전,8.9,15.5,3.6,620980,34386.0,1441886
2025-12,대전,2.3,7.6,-2.5,668324,61825.0,1440729
2026-01,대전,-1.8,3.5,-6.8,633513,78219.0,1440550
2026-02,대전,2.8,9.3,-2.8,637517,54867.0,1441405
2026-03,대전,8.2,15.0,2.4,630537,44645.0,1441779
2026-04,대전,14.8,21.7,8.1,630671,21002.0,1441687
2026-05,대전,19.7,26.1,13.6,625455,12988.0,1442213
2026-06,대전,23.6,29.3,18.5,629720,7997.0,1442034
2021-01,부산,3.3,7.9,-0.8,1462879,152612.5463,3389388
2021-02,부산,7.2,11.9,3.2,1466681,99158.53328,3387761
2021-03,부산,11.4,15.9,7.7,1467414,83935.78174,3372399
2021-04,부산,14.7,19.7,10.8,1469895,48963.8944,3369704
2021-05,부산,17.7,21.5,14.7,1472396,34528.04668,3367334
2021-06,부산,21.9,25.4,19.3,1474247,20525.42167,3364358
2021-07,부산,26.3,29.5,24.0,1476744,17889.32317,3361781
2021-08,부산,26.2,29.4,23.8,1477693,13994.8416,3359527
2021-09,부산,22.9,26.4,20.5,1479270,17579.67791,3358763
2021-10,부산,18.7,23.3,15.2,1486056,31761.9844,3356311
2021-11,부산,12.5,17.4,8.6,1491821,65621.60719,3353627
2021-12,부산,6.0,10.8,1.9,1495405,117575.6289,3350380
2022-01,부산,4.0,9.2,0.0,1498852,144575.6239,3348874
2022-02,부산,3.6,8.8,-0.5,1499621,123219.0853,3347396
2022-03,부산,10.5,14.8,6.8,1503324,93694.2801,3343504
2022-04,부산,14.9,19.1,11.4,1505965,51876.92972,3340214
2022-05,부산,19.0,23.4,15.3,1507570,32254.20484,3338167
2022-06,부산,21.7,24.9,19.4,1506208,19529.81489,3336737
2022-07,부산,26.2,29.7,23.7,1506208,15708.24094,3334595
2022-08,부산,26.4,29.7,24.0,1512538,12799.1665,3331444
2022-09,부산,22.9,26.9,20.2,1519158,17804.06301,3323826
2022-10,부산,17.6,22.7,14.0,1524575,30996.23553,3322286
2022-11,부산,14.4,19.8,10.4,1529277,52091.05217,3320276
2022-12,부산,3.3,8.1,-0.3,1509272,130345.7903,3317812
2023-01,부산,3.8,8.9,-0.2,1510133,133174.9699,3316107
2023-02,부산,6.8,11.8,2.9,1511895,102671.3859,3315516
2023-03,부산,12.3,17.0,8.5,1515843,70856.75286,3313539
2023-04,부산,14.6,19.0,11.0,1515702,43586.16978,3311402
2023-05,부산,17.9,21.6,14.9,1516986,33278.08894,3309261
2023-06,부산,22.5,26.0,19.9,1518952,18716.84155,3306993
2023-07,부산,25.5,28.5,23.3,1519711,17220.89392,3305052
2023-08,부산,27.8,31.0,25.5,1522133,13056.41299,3302740
2023-09,부산,24.5,28.2,21.9,1527550,15274.45508,3300836
2023-10,부산,18.3,23.3,14.9,1528787,25445.26626,3298213
2023-11,부산,11.8,16.7,7.9,1533988,58094.20288,3295496
2023-12,부산,6.4,10.8,2.7,1522927,117273.1713,3293362
2024-01,부산,5.1,9.8,1.3,1525881,127802.1223,3290964
2024-02,부산,7.4,11.5,4.2,1527602,110188.8667,3289401
2024-03,부산,9.6,14.1,5.6,1532691,91217.75709,3287292
2024-04,부산,15.9,20.2,12.6,1530669,40186.57188,3284947
2024-05,부산,18.6,23.3,14.7,1531838,31229.31713,3282751
2024-06,부산,22.6,26.4,19.7,1533552,18875.70298,3280749
2024-07,부산,26.0,29.0,23.8,1532117,15008.40199,3278280
2024-08,부산,29.1,32.9,26.3,1534014,12005.69509,3275593
2024-09,부산,26.7,30.8,23.9,1533100,11602.64823,3273473
2024-10,부산,19.5,23.8,16.4,1530516,22350.36037,3271062
2024-11,부산,13.7,18.3,10.4,1531404,48025.05126,3268993
2024-12,부산,5.7,10.5,2.0,1531354,115499.3874,3266598
2025-01,부산,4.0,8.8,0.2,1524313,138457.6724,3263891
2025-02,부산,2.9,7.9,-1.2,1527827,126105.0208,3262337
2025-03,부산,9.8,14.2,6.0,1534968,91042.01917,3259219
2025-04,부산,14.0,18.3,10.4,1535129,49995.29136,3256408
2025-05,부산,17.4,21.4,14.1,1535191,31646.12805,3254457
2025-06,부산,22.3,25.7,19.7,1535501,19059.04665,3252830
2025-07,부산,27.8,31.3,24.9,1536384,14080.32572,3251625
2025-08,부산,28.4,31.9,25.8,1536463,13022.0,3249975
2025-09,부산,25.6,29.6,23.1,1537522,12260.0,3248359
2025-10,부산,19.6,23.6,17.0,1537066,20784.0,3246304
2025-11,부산,12.9,17.9,8.7,1538065,57626.0,3243759
2025-12,부산,7.0,11.9,2.8,1537737,108588.0,3241600
2026-01,부산,3.0,7.9,-1.3,1537968,142236.0,3239711
2026-02,부산,6.9,11.8,2.8,1540511,101832.0,3239016
2026-03,부산,10.4,15.3,6.8,1543025,90004.0,3237227
2026-04,부산,15.9,20.5,12.4,1544346,39641.0,3235361
2026-05,부산,19.4,24.0,15.7,1545904,27808.0,3234293
2026-06,부산,22.6,26.2,19.8,1546812,18342.0,3232370
2021-01,서울,-2.4,2.2,-6.8,4335247,532844.8125,9657969
2021-02,서울,2.7,7.9,-2.2,4334099,451917.9762,9648606
2021-03,서울,9.0,14.8,4.3,4344746,311603.7136,9598484
2021-04,서울,14.2,19.5,9.5,4332352,200028.5146,9588711
2021-05,서울,17.1,21.9,12.8,4328721,130488.9654,9575355
2021-06,서울,22.8,27.6,18.9,4325667,82068.12191,9565990
2021-07,서울,28.1,32.2,24.6,4327724,39573.70054,9558153
2021-08,서울,25.9,29.7,22.8,4324931,50774.77562,9550227
2021-09,서울,22.6,26.9,18.8,4325530,44901.64761,9542256
2021-10,서울,15.6,20.5,11.6,4327740,103816.3766,9532428
2021-11,서울,8.2,13.1,4.0,4339777,242035.421,9520880
2021-12,서울,0.6,5.1,-3.5,4357591,392608.7963,9509458
2022-01,서울,-2.2,2.6,-6.2,4372628,515537.5638,9505926
2022-02,서울,-1.1,3.8,-5.3,4378898,494221.6533,9508451
2022-03,서울,7.7,12.7,3.2,4386378,357713.1305,9506778
2022-04,서울,14.8,20.6,10.0,4374432,221165.4978,9500480
2022-05,서울,19.1,25.0,13.9,4375711,111884.7022,9496887
2022-06,서울,23.3,27.5,19.8,4369786,69655.89439,9494807
2022-07,서울,27.3,31.0,24.2,4368643,50800.95798,9493211
2022-08,서울,25.7,28.9,23.1,4369324,43425.53808,9488454
2022-09,서울,22.4,27.2,18.2,4372501,60957.74849,9450768
2022-10,서울,14.6,19.7,10.3,4374590,103218.9915,9443722
2022-11,서울,10.0,15.4,5.6,4384222,217409.8829,9436836
2022-12,서울,-2.8,1.7,-6.6,4408416,424961.7908,9428372
2023-01,서울,-1.5,3.2,-5.7,4415055,502781.4391,9424873
2023-02,서울,2.3,7.3,-1.9,4422785,424101.4057,9427583
2023-03,서울,9.8,16.2,4.2,4428011,278494.5819,9426404
2023-04,서울,13.8,19.0,8.8,4415367,175692.8375,9422710
2023-05,서울,19.5,25.0,14.6,4416873,108615.4638,9418885
2023-06,서울,23.4,27.9,19.7,4413183,63318.96461,9414093
2023-07,서울,26.7,30.2,23.9,4412477,46660.87541,9411260
2023-08,서울,27.2,30.8,24.3,4410798,40678.28058,9409466
2023-09,서울,23.7,27.6,20.2,4412500,46168.96154,9407540
2023-10,서울,15.8,21.0,11.5,4413713,80095.5869,9400249
2023-11,서울,6.8,11.5,2.9,4429074,219108.758,9390925
2023-12,서울,1.1,5.2,-2.5,4444047,381836.2619,9386034
2024-01,서울,-0.5,3.6,-3.9,4454247,458443.1191,9384325
2024-02,서울,3.8,8.2,0.2,4456358,402006.1807,9386705
2024-03,서울,7.0,12.0,2.4,4459405,318207.7942,9384739
2024-04,서울,16.3,22.4,11.5,4446582,177398.3534,9378269
2024-05,서울,18.5,23.7,13.8,4442557,94670.83835,9371930
2024-06,서울,24.6,30.1,19.9,4432437,65398.24158,9366283
2024-07,서울,26.6,29.6,24.1,4433685,46675.05973,9360400
2024-08,서울,29.3,33.3,26.3,4425770,41220.79434,9355801
2024-09,서울,25.5,29.8,22.0,4420632,40656.16894,9350995
2024-10,서울,16.7,21.4,12.7,4425029,65916.23583,9343304
2024-11,서울,9.7,14.9,5.5,4429426,176784.068,9335495
2024-12,서울,0.8,5.3,-2.9,4451439,375684.1107,9331828
2025-01,서울,-0.4,3.9,-4.1,4459259,468686.3213,9330658
2025-02,서울,-1.2,3.9,-5.3,4463326,446361.6945,9334828
2025-03,서울,8.0,13.6,3.3,4472328,325449.0271,9335734
2025-04,서울,13.4,19.0,8.2,4433424,207534.2514,9331860
2025-05,서울,17.8,22.7,13.3,4455034,113315.9523,9328042
2025-06,서울,24.0,28.5,20.0,4438247,68114.49908,9325616
2025-07,서울,28.8,32.6,25.7,4440366,43913.71912,9323492
2025-08,서울,28.2,31.9,25.3,4430637,39782.13011,9321863
2025-09,서울,23.5,27.4,20.3,4436930,39852.63924,9318500
2025-10,서울,16.5,20.4,13.1,4435409,74153.49629,9313532
2025-11,서울,9.0,14.2,4.6,4440226,211406.5143,9305678
2025-12,서울,1.2,5.3,-2.8,4450954,360942.9899,9299548
2026-01,서울,-3.6,1.0,-7.8,4369827,492354.9938,9299701
2026-02,서울,2.7,7.9,-2.0,4369509,440350.628,9304129
2026-03,서울,8.2,13.9,3.5,4375292,299125.127,9304400
2026-04,서울,15.0,21.3,9.4,4330559,177600.114,9298673
2026-05,서울,19.6,25.3,14.6,4316918,88053.32002,9295082
2026-06,서울,24.0,29.4,19.5,4312059,60746.78412,9289813
2021-01,세종,-1.0,4.6,-6.0,111000,4993.967,357871
2021-02,세종,4.0,10.0,-1.6,111044,4040.989,359569
2021-03,세종,9.6,15.9,4.0,111412,2792.43,360462
2021-04,세종,14.7,20.9,8.9,111054,2004.46,361396
2021-05,세종,17.7,23.1,12.8,110920,1383.166,362036
2021-06,세종,23.5,28.5,19.1,110826,1017.123,362995
2021-07,세종,27.8,32.3,24.0,110774,797.513,364364
2021-08,세종,25.8,29.9,22.6,110729,738.816,365309
2021-09,세종,22.4,26.8,18.9,110938,828.315,366560
2021-10,세종,15.7,21.9,10.8,111380,1170.905,368276
2021-11,세종,8.9,14.9,4.0,111593,2492.897,369465
2021-12,세종,1.9,7.6,-3.0,111971,3841.352,371895
2022-01,세종,-0.8,5.2,-5.9,111998,4884.363,374377
2022-02,세종,0.1,6.1,-5.2,111936,4472.616,376399
2022-03,세종,8.3,14.5,2.5,112464,3254.28,377296
2022-04,세종,14.9,21.9,8.3,112704,2199.268,378196
2022-05,세종,19.4,26.3,12.7,112884,1262.201,379340
2022-06,세종,24.1,29.4,19.8,112854,912.092,380215
2022-07,세종,27.0,31.5,23.4,112844,755.579,380889
2022-08,세종,25.7,29.6,22.7,112552,705.576,381439
2022-09,세종,21.8,27.5,17.4,113023,813.411,381925
2022-10,세종,14.3,20.7,9.1,113427,1327.659,382258
2022-11,세종,9.5,16.6,3.8,113394,2275.064,382770
2022-12,세종,-2.0,3.3,-6.4,113631,4287.934,383591
2023-01,세종,-0.9,5.3,-5.9,113503,4640.749,384496
2023-02,세종,2.4,8.8,-2.9,113359,4130.792,385285
2023-03,세종,10.2,17.8,3.0,113892,2682.846,385609
2023-04,세종,13.7,19.9,7.6,113596,1861.25,385825
2023-05,세종,19.0,25.0,13.2,113335,1223.773,386050
2023-06,세종,23.6,29.2,18.9,113068,887.844,386126
2023-07,세종,25.8,30.2,22.6,112801,731.562,386192
2023-08,세종,27.0,31.7,23.2,112388,635.687,385953
2023-09,세종,22.8,27.5,19.2,112500,671.243,385932
2023-10,세종,15.0,21.4,9.8,112554,1114.372,386079
2023-11,세종,7.6,13.2,2.6,112484,2273.337,386256
2023-12,세종,2.2,7.3,-2.0,112384,3721.635,386525
2024-01,세종,0.3,5.3,-3.9,112062,4403.498,386944
2024-02,세종,4.3,9.1,0.2,111565,3787.964,387193
2024-03,세종,7.2,13.1,1.8,111700,3112.514,387411
2024-04,세종,16.1,22.6,10.3,111288,1730.29,387726
2024-05,세종,18.5,24.8,12.4,110925,1092.239,387774
2024-06,세종,24.0,30.0,18.5,110750,866.08,387940
2024-07,세종,26.6,30.4,23.7,110553,703.444,388788
2024-08,세종,28.7,33.5,25.0,110115,595.377,389370
2024-09,세종,25.8,31.0,22.0,109917,621.917,389443
2024-10,세종,16.3,21.5,12.1,110102,958.684,389978
2024-11,세종,9.7,16.1,4.6,110497,1872.286,390603
2024-12,세종,1.8,6.7,-2.3,110303,3671.824,390685
2025-01,세종,0.5,6.0,-4.1,110466,4309.419,390910
2025-02,세종,-0.1,5.8,-5.1,110320,4461.655,391669
2025-03,세종,8.6,14.9,3.1,110610,2970.507,391812
2025-04,세종,14.4,21.5,7.8,110027,1984.014,391992
2025-05,세종,18.0,23.6,12.5,109875,1270.87,392211
2025-06,세종,24.0,29.5,19.2,109653,860.535,392223
2025-07,세종,28.3,32.9,24.3,109389,660.929,392154
2025-08,세종,28.2,32.9,24.4,109043,590.517,391984
2025-09,세종,23.3,27.7,20.1,109238,606.216,392230
2025-10,세종,16.9,21.5,13.4,108974,880.274,392406
2025-11,세종,8.9,15.5,3.6,109239,2115.59,392495
2025-12,세종,2.3,7.6,-2.5,109044,3494.997,391965
2026-01,세종,-1.8,3.5,-6.8,108847,4696.691,391477
2026-02,세종,2.8,9.3,-2.8,108329,4274.937,391240
2026-03,세종,8.2,15.0,2.4,108750,2879.77,391072
2026-04,세종,14.8,21.7,8.1,108128,1747.967,391024
2026-05,세종,19.7,26.1,13.6,107939,1093.077,391064
2026-06,세종,23.6,29.3,18.5,107623,812.823,390923
2021-01,울산,2.1,6.8,-2.6,457853,60372.55062,1135370
2021-02,울산,6.5,11.9,1.6,458375,49409.09387,1132953
2021-03,울산,10.5,15.4,5.9,459324,36496.25225,1129254
2021-04,울산,13.8,19.0,9.1,459585,25322.0,1128163
2021-05,울산,17.8,22.7,13.1,459779,16042.0168,1127175
2021-06,울산,21.7,25.8,18.2,460006,10584.96168,1126369
2021-07,울산,25.9,29.8,22.8,460611,7931.477656,1125727
2021-08,울산,25.3,29.2,22.5,460762,6469.667693,1124459
2021-09,울산,22.1,25.6,19.5,461206,7718.461558,1123236
2021-10,울산,17.1,22.1,13.0,461854,12094.16464,1122566
2021-11,울산,11.1,16.6,6.1,462672,25669.44437,1122495
2021-12,울산,4.7,9.8,-0.1,464252,43580.50489,1121592
2022-01,울산,2.6,8.0,-1.7,465013,56830.72091,1121100
2022-02,울산,2.7,7.7,-1.8,464798,55710.098,1119446
2022-03,울산,9.9,15.0,4.9,466390,40224.61393,1118010
2022-04,울산,14.7,20.1,9.8,466265,26342.29804,1117204
2022-05,울산,19.2,24.9,13.8,466394,14814.64582,1116482
2022-06,울산,22.4,26.6,19.1,466902,9693.6605,1115609
2022-07,울산,26.0,30.0,22.9,467347,6651.71786,1114753
2022-08,울산,26.4,30.2,23.4,468109,5645.65541,1113458
2022-09,울산,21.7,25.6,18.4,468629,7415.94761,1112191
2022-10,울산,16.0,21.0,11.8,469364,12293.97311,1111707
2022-11,울산,12.7,18.3,7.7,470612,22559.03783,1111371
2022-12,울산,2.0,6.8,-2.1,471006,45270.5525,1110663
2023-01,울산,2.6,7.9,-2.1,471109,55588.87027,1110074
2023-02,울산,5.2,10.4,0.6,471060,48696.66189,1108665
2023-03,울산,11.4,17.2,6.3,471948,30582.85732,1107746
2023-04,울산,14.1,18.8,9.2,472135,20637.85948,1107134
2023-05,울산,17.8,22.5,13.3,472600,14620.90969,1106446
2023-06,울산,22.3,26.9,18.4,472563,9370.61755,1106015
2023-07,울산,25.8,29.8,22.5,473215,7055.13265,1105326
2023-08,울산,26.5,30.2,23.6,473744,5988.82766,1104448
2023-09,울산,22.9,26.5,20.2,474516,6474.19862,1104167
2023-10,울산,16.4,21.9,11.7,474343,10233.80644,1104031
2023-11,울산,10.4,16.1,5.2,476261,22077.34537,1103752
2023-12,울산,4.9,9.6,0.6,476965,42585.66613,1103661
2024-01,울산,3.4,8.3,-0.7,478087,51196.97562,1103402
2024-02,울산,6.0,10.0,2.5,478367,48304.46821,1102161
2024-03,울산,8.6,13.3,3.6,479411,38869.1796,1101336
2024-04,울산,14.9,20.2,10.6,479993,23560.17002,1101059
2024-05,울산,17.9,23.5,12.4,480015,14051.56822,1100609
2024-06,울산,22.6,27.4,18.4,480536,9340.57197,1100304
2024-07,울산,26.9,30.6,23.8,481271,7041.38305,1099866
2024-08,울산,28.0,32.3,24.5,481367,5385.48668,1099231
2024-09,울산,24.7,29.0,21.5,481839,5253.0938,1098728
2024-10,울산,17.8,21.9,14.3,482021,9929.05021,1098540
2024-11,울산,11.8,16.4,7.8,486300,20347.5441,1098312
2024-12,울산,4.1,8.8,0.0,487354,39677.88116,1098049
2025-01,울산,2.5,7.6,-1.8,488105,54083.51026,1097821
2025-02,울산,1.9,7.0,-2.7,488374,62625.34477,1095778
2025-03,울산,9.2,14.4,4.3,488730,35614.29401,1095014
2025-04,울산,13.9,19.6,8.2,488082,21009.87947,1094460
2025-05,울산,17.0,22.0,12.3,485908,13095.47557,1094027
2025-06,울산,23.2,28.3,18.7,487946,8213.56991,1093665
2025-07,울산,27.0,31.5,23.1,488441,6550.29023,1093317
2025-08,울산,27.9,32.2,24.1,488248,5681.80374,1092989
2025-09,울산,23.8,27.8,20.8,488683,5389.59596,1092634
2025-10,울산,17.4,20.8,14.8,488856,10942.42518,1092797
2025-11,울산,10.9,16.7,6.0,490657,26434.05553,1092573
2025-12,울산,5.1,10.0,0.4,491613,45717.89387,1091948
2026-01,울산,1.5,6.5,-3.3,492443,59059.11554,1091281
2026-02,울산,5.7,11.0,0.5,492269,44151.07893,1089835
2026-03,울산,8.9,13.7,4.5,493176,35919.11324,1088672
2026-04,울산,14.8,20.1,10.3,493122,17056.3881,1088041
2026-05,울산,19.0,24.4,13.7,493107,11397.0076,1087466
2026-06,울산,21.6,25.7,17.9,493107,11397.0076,1087089
2021-01,인천,-2.0,1.8,-5.9,1153826,136583.2786,2942452
2021-02,인천,2.1,6.3,-2.0,1155157,114530.9148,2941705
2021-03,인천,7.7,12.3,4.2,1155684,84512.74968,2936461
2021-04,인천,13.2,17.3,9.6,1151573,50680.33969,2936214
2021-05,인천,16.2,20.2,12.7,1148664,35601.68923,2936382
2021-06,인천,21.6,25.3,18.6,1147730,22600.34184,2936367
2021-07,인천,27.2,30.4,24.6,1145626,12591.02763,2937440
2021-08,인천,25.5,28.6,22.9,1144834,10768.19512,2938429
2021-09,인천,22.7,26.1,19.6,1146399,13376.62938,2941795
2021-10,인천,16.0,19.6,12.5,1149940,20251.00406,2945009
2021-11,인천,8.8,12.6,5.3,1157060,52826.19921,2946319
2021-12,인천,1.3,5.1,-2.3,1164556,94870.13365,2948375
2022-01,인천,-2.2,1.7,-5.6,1171380,131049.8301,2949150
2022-02,인천,-1.3,2.4,-4.5,1172276,126898.0784,2950978
2022-03,인천,6.7,10.8,3.3,1172105,93801.67977,2952699
2022-04,인천,12.9,17.3,9.4,1169742,59168.36778,2953260
2022-05,인천,17.1,21.4,13.5,1169266,30307.25574,2955167
2022-06,인천,21.9,25.4,19.2,1201359,17834.61319,2957066
2022-07,인천,26.2,29.5,23.8,1169234,15848.95198,2960580
2022-08,인천,24.9,27.3,22.7,1170053,11960.05724,2963117
2022-09,인천,22.0,26.0,18.7,1169619,14354.86469,2960097
2022-10,인천,14.4,18.4,10.9,1172838,22026.58597,2962388
2022-11,인천,10.2,14.4,6.5,1176428,48791.20547,2964820
2022-12,인천,-2.6,0.9,-6.0,1183778,94662.53411,2967314
2023-01,인천,-1.6,2.2,-5.1,1189166,133265.9307,2969502
2023-02,인천,1.6,5.4,-1.6,1192489,110942.7795,2971788
2023-03,인천,8.1,13.0,4.0,1192910,76946.25846,2974481
2023-04,인천,12.7,17.0,8.8,1191100,46052.49444,2976338
2023-05,인천,18.0,22.4,14.5,1188210,31258.78056,2978089
2023-06,인천,21.8,25.4,19.0,1187055,16014.27062,2978749
2023-07,인천,25.7,28.4,23.4,1186810,14501.1376,2981553
2023-08,인천,26.6,29.7,24.2,1187458,11171.96762,2985152
2023-09,인천,23.5,26.7,20.8,1191196,11952.60309,2987918
2023-10,인천,16.3,20.1,12.9,1195204,16524.08702,2990276
2023-11,인천,6.9,10.7,3.4,1201269,42935.78334,2993492
2023-12,인천,1.2,4.5,-2.0,1207616,101170.2383,2997410
2024-01,인천,-0.6,2.7,-3.6,1214621,120175.3607,3000454
2024-02,인천,3.3,6.9,0.2,1214823,105906.1718,3003150
2024-03,인천,6.3,10.5,2.6,1229769,85042.30008,3006045
2024-04,인천,14.6,19.6,10.7,1228721,47786.53784,3008484
2024-05,인천,16.9,20.9,13.3,1224275,25980.11624,3009873
2024-06,인천,22.7,26.7,19.6,1223468,16376.43786,3011073
2024-07,인천,25.7,28.3,23.6,1222870,15498.50258,3012997
2024-08,인천,28.8,32.2,26.3,1219779,11701.2585,3014770
2024-09,인천,25.4,28.9,22.3,1218732,10231.40622,3016520
2024-10,인천,17.0,20.9,13.5,1220244,13563.83877,3017928
2024-11,인천,9.9,14.1,6.3,1223578,35963.28251,3018589
2024-12,인천,0.9,4.5,-2.3,1215232,90362.74216,3021010
2025-01,인천,-0.6,2.7,-3.7,1219560,120959.4502,3023649
2025-02,인천,-1.4,2.6,-4.8,1222416,121761.8855,3027854
2025-03,인천,6.7,11.4,2.9,1222774,87207.27289,3031361
2025-04,인천,11.9,16.2,7.8,1219651,54360.99697,3033844
2025-05,인천,16.5,20.4,13.2,1215831,33638.94681,3037049
2025-06,인천,22.0,25.6,19.1,1215361,17164.53441,3039450
2025-07,인천,27.4,30.5,24.8,1214196,14747.84649,3041215
2025-08,인천,27.4,30.3,25.2,1212137,10292.05467,3043162
2025-09,인천,23.5,26.7,20.6,1211860,9827.465455,3046754
2025-10,인천,16.4,19.9,13.2,1213008,15853.46193,3049315
2025-11,인천,9.2,13.3,5.4,1217197,45531.88833,3050547
2025-12,인천,1.4,5.1,-2.4,1224098,88097.60115,3051961
2026-01,인천,-3.6,0.2,-7.4,1228846,127300.4306,3053308
2026-02,인천,2.1,6.3,-1.9,1230455,117932.075,3054367
2026-03,인천,6.7,11.4,3.1,1228545,82168.85544,3055983
2026-04,인천,13.1,18.3,9.0,1224213,47565.27234,3057226
2026-05,인천,18.6,23.1,14.7,1221543,26202.76808,3058623
2026-06,인천,23.1,27.5,19.5,1219731,14212.1169,3061002
2021-01,전국,-1.1,4.5,-6.3,19366032,2218597.18692,51825932
2021-02,전국,3.4,9.4,-2.2,19379758,1783124.27156,51824142
2021-03,전국,8.7,14.8,3.1,19398541,1312719.16967,51705905
2021-04,전국,13.2,19.3,7.3,19362455,837645.66687,51702100
2021-05,전국,16.6,22.2,11.4,19363817,565968.99025,51683025
2021-06,전국,21.7,26.7,17.5,19274342,348760.442599,51672400
2021-07,전국,26.0,30.8,22.2,19311336,233171.246881,51671569
2021-08,전국,24.8,29.2,21.5,19285028,218816.551078,51669716
2021-09,전국,21.3,25.8,17.7,19341615,230353.517278,51667688
2021-10,전국,15.1,21.2,10.4,19442777,460547.13259,51662290
2021-11,전국,8.3,14.5,3.3,19520480,1000713.58819,51652704
2021-12,전국,1.9,7.4,-3.1,19631879,1688596.59293,51638809
2022-01,전국,-0.8,5.0,-6.0,19703804,2156699.38132,51632473
2022-02,전국,-0.1,5.7,-5.4,19729341,1998975.50593,51625561
2022-03,전국,7.7,13.7,2.0,19742388,1495276.79629,51610695
2022-04,전국,13.8,20.4,7.5,19715581,917371.85008,51592660
2022-05,전국,18.0,24.6,11.5,19723449,493945.29732,51583722
2022-06,전국,22.4,27.2,18.3,19727830,304640.568935,51578178
2022-07,전국,25.9,30.3,22.5,19714793,254935.639364,51574446
2022-08,전국,25.3,29.1,22.1,19747423,204359.043601,51558441
2022-09,전국,21.0,26.3,16.6,19787085,253799.95861,51466658
2022-10,전국,14.0,20.1,8.9,19864479,469725.94415,51459626
2022-11,전국,9.6,16.5,3.9,19982387,889523.16289,51450829
2022-12,전국,-1.4,3.8,-6.0,19988887,1781981.30633,51439038
2023-01,전국,-0.6,5.1,-5.8,20027162,2122524.26342,51430018
2023-02,전국,2.5,8.5,-2.8,20128774,1738554.92332,51421479
2023-03,전국,9.4,16.5,2.7,20117154,1179015.2944999998,51414281
2023-04,전국,13.1,19.1,7.1,20062565,745571.59051,51408155
2023-05,전국,17.9,23.6,12.4,19993088,488759.84819,51400521
2023-06,전국,22.3,27.5,18.0,19947852,285026.439842,51392745
2023-07,전국,25.5,29.6,22.4,19947147,246399.404316,51387133
2023-08,전국,26.4,30.9,22.9,19924866,197783.299815,51377213
2023-09,전국,22.6,27.1,19.0,20023108,214503.35477,51370001
2023-10,전국,14.7,21.1,9.6,20027247,372053.56624,51354226
2023-11,전국,7.9,13.5,2.9,20100341,886160.35798,51337076
2023-12,전국,2.4,7.3,-2.1,20241764,1669185.03825,51325329
2024-01,전국,0.9,5.7,-3.4,20415086,1944867.31823,51313912
2024-02,전국,4.1,8.8,0.0,20482959,1691701.92612,51303688
2024-03,전국,6.9,12.6,1.4,20444393,1393089.69565,51293934
2024-04,전국,14.9,21.1,9.4,20414270,753929.5420199999,51285153
2024-05,전국,17.7,24.0,11.8,20397025,438676.89578,51277347
2024-06,전국,22.7,28.4,17.5,20406048,286430.643348,51271480
2024-07,전국,26.2,29.9,23.3,20403410,251369.055157,51265238
2024-08,전국,27.9,33.0,24.1,20370494,199793.898629,51256511
2024-09,전국,24.7,29.6,20.9,20368720,183596.419949,51248233
2024-10,전국,16.1,21.4,11.9,20405735,317977.335958,51238450
2024-11,전국,9.7,15.6,4.9,20458143,738788.80167,51226757
2024-12,전국,1.8,6.8,-2.7,20399551,1608662.90947,51217221
2025-01,전국,-0.2,5.3,-5.0,20445824,2007380.18709,51207874
2025-02,전국,-0.5,5.1,-5.6,20493290,1958986.76636,51191817
2025-03,전국,7.6,13.7,1.9,20499272,1397220.55244,51183336
2025-04,전국,13.1,19.7,6.6,20422401,856288.41894,51175725
2025-05,전국,16.8,22.4,11.5,20419833,517963.49632,51169148
2025-06,전국,22.9,28.2,18.2,20425049,295444.602394,51164582
2025-07,전국,27.1,32.0,23.0,20401816,239158.262176,51159889
2025-08,전국,27.1,31.9,23.4,20384315,189966.937426,51154981
2025-09,전국,23.0,27.6,19.5,20403155,184643.943835,51149546
2025-10,전국,16.6,21.1,13.1,20439383,335562.44753,51143421
2025-11,전국,8.5,15.0,3.1,20491278,868342.49651,51128530
2025-12,전국,2.4,7.6,-2.6,20620305,1575445.08431,51117378
2026-01,전국,-1.6,3.8,-6.8,20470971,2120531.15956,51111158
2026-02,전국,2.7,9.0,-3.0,20493174,1820816.71712,51106229
2026-03,전국,7.4,13.9,1.7,20477443,1322229.7449,51101371
2026-04,전국,13.8,20.4,7.6,20399446,759818.3792900001,51097986
2026-05,전국,18.6,24.9,12.7,20363041,428511.29962,51095330
2026-06,전국,22.2,27.7,17.3,20347002,269977.394305,51091769
2021-01,전남,1.8,6.8,-2.7,473122,53022.27257,1850575
2021-02,전남,5.3,10.5,0.6,473637,40935.8618,1849795
2021-03,전남,9.9,15.5,5.0,475321,30655.88774,1844811
2021-04,전남,13.9,19.3,8.8,475028,20129.25892,1844148
2021-05,전남,17.7,22.7,12.9,475598,13867.45686,1842423
2021-06,전남,22.4,26.8,18.8,476051,8717.253694,1840921
2021-07,전남,26.4,30.1,23.3,476388,7345.406626,1839698
2021-08,전남,26.1,30.0,23.0,477670,6403.768602,1838353
2021-09,전남,22.7,26.5,19.7,479951,7249.163166,1835690
2021-10,전남,17.1,22.5,12.7,484472,13035.92034,1834653
2021-11,전남,10.4,16.1,5.7,486862,27300.36855,1833864
2021-12,전남,4.2,9.6,-0.3,490681,45817.00531,1832803
2022-01,전남,1.8,6.7,-2.5,492393,53094.12359,1832604
2022-02,전남,2.0,7.0,-2.7,493741,48175.3571,1831451
2022-03,전남,8.9,14.6,3.8,494830,35108.11097,1829501
2022-04,전남,14.2,20.4,8.7,495220,20371.44495,1828550
2022-05,전남,18.1,24.1,12.6,495665,12766.57623,1827674
2022-06,전남,22.6,26.7,19.5,495330,8863.813206,1826440
2022-07,전남,26.5,30.2,23.5,495773,6732.268554,1825534
2022-08,전남,26.5,29.9,23.6,496755,5754.851542,1824104
2022-09,전남,22.5,26.9,18.9,498843,6743.283957,1820458
2022-10,전남,15.7,21.2,11.1,502496,13173.11105,1819157
2022-11,전남,11.7,17.9,6.5,504856,23583.89492,1818484
2022-12,전남,2.0,6.4,-2.1,508542,51031.89998,1817697
2023-01,전남,2.1,7.3,-2.5,510503,51900.74544,1816707
2023-02,전남,4.1,9.6,-0.6,512010,40149.60421,1814858
2023-03,전남,10.2,16.7,4.4,512264,27931.54239,1813872
2023-04,전남,13.7,19.0,8.4,513200,19059.93411,1813439
2023-05,전남,18.1,22.9,13.9,513108,13299.69359,1812475
2023-06,전남,22.4,26.7,19.0,513864,8050.881088,1811554
2023-07,전남,25.6,28.9,23.1,513509,7342.71783,1810071
2023-08,전남,27.1,31.4,23.7,513369,5862.326465,1808339
2023-09,전남,23.9,28.2,20.7,515491,6190.518045,1807295
2023-10,전남,16.8,22.3,12.1,519002,10756.6835,1805823
2023-11,전남,10.4,15.4,5.7,522536,26076.64507,1804875
2023-12,전남,5.3,9.8,1.2,526206,44990.55565,1804217
2024-01,전남,3.6,7.9,-0.4,527642,48690.84216,1802672
2024-02,전남,6.4,10.6,2.6,528311,40760.453,1800352
2024-03,전남,8.3,13.6,3.4,526208,36500.95834,1798435
2024-04,전남,15.3,20.8,10.6,525775,17336.92959,1797199
2024-05,전남,18.3,24.0,13.2,526835,12832.67184,1795717
2024-06,전남,22.7,27.5,18.7,526395,8716.588349,1794967
2024-07,전남,26.6,29.9,24.1,527053,7314.0,1793747
2024-08,전남,28.6,33.5,25.0,526562,6302.0,1792390
2024-09,전남,26.4,31.0,22.7,527988,5772.301452,1791496
2024-10,전남,18.2,22.9,14.2,529939,9659.715929,1790421
2024-11,전남,12.1,17.1,7.7,532473,21597.63212,1789610
2024-12,전남,4.3,9.0,0.1,537480,45576.8559,1788819
2025-01,전남,2.1,7.5,-2.4,537490,52398.51657,1787592
2025-02,전남,1.5,6.3,-2.6,539630,50314.88435,1785487
2025-03,전남,8.6,14.3,3.3,539064,34678.42053,1785193
2025-04,전남,13.5,19.6,7.7,537794,21341.00475,1785003
2025-05,전남,17.2,22.3,12.7,538958,15067.28943,1784116
2025-06,전남,22.9,27.7,18.8,537719,9069.667823,1783484
2025-07,전남,27.8,32.3,24.0,537244,6781.291246,1782183
2025-08,전남,27.7,32.1,24.3,537956,6050.024023,1780646
2025-09,전남,24.8,29.0,21.6,538322,6131.297323,1779599
2025-10,전남,18.7,23.3,15.1,540262,9712.388269,1779263
2025-11,전남,10.6,16.5,5.6,543214,24659.42255,1779242
2025-12,전남,4.9,10.4,-0.1,546172,43931.33242,1779135
2026-01,전남,1.1,6.2,-3.6,546489,55066.04741,1778171
2026-02,전남,4.2,10.0,-1.0,547152,44238.56716,1776547
2026-03,전남,8.5,14.9,3.3,546663,33471.1475,1775126
2026-04,전남,14.2,19.9,9.3,546432,18668.92397,1775031
2026-05,전남,18.7,24.3,13.6,546242,12487.39805,1774082
2026-06,전남,22.6,27.3,18.8,546188,8127.019631,1773646
2021-01,전북,-0.8,4.6,-6.0,598366,75745.00727,1802748
2021-02,전북,3.3,9.3,-2.0,597789,58698.08414,1801319
2021-03,전북,8.5,15.1,2.8,594786,43760.00071,1797450
2021-04,전북,13.2,19.7,7.2,593616,27801.33804,1796331
2021-05,전북,16.7,22.5,11.2,591913,19590.51804,1794682
2021-06,전북,22.0,27.4,17.7,589322,12408.37638,1794345
2021-07,전북,26.0,30.9,22.2,585806,10113.72036,1793902
2021-08,전북,24.9,29.7,21.5,581628,8782.870875,1792476
2021-09,전북,21.7,26.3,17.9,588920,10237.2616,1791110
2021-10,전북,15.0,21.5,9.9,598254,18660.99127,1789770
2021-11,전북,8.2,14.4,3.4,602878,38614.95546,1788616
2021-12,전북,2.1,7.6,-2.6,611303,62599.35575,1786855
2022-01,전북,-0.9,4.7,-5.9,612810,74259.21404,1785392
2022-02,전북,-0.4,5.3,-5.6,614718,69009.55076,1783923
2022-03,전북,7.4,13.8,1.5,615115,50732.06138,1782205
2022-04,전북,13.3,20.3,7.1,610434,29422.8717,1780824
2022-05,전북,17.5,24.3,10.9,608116,20821.51756,1779230
2022-06,전북,22.7,27.7,18.7,605325,12717.55761,1778279
2022-07,전북,25.9,30.2,22.4,598580,9947.720775,1776949
2022-08,전북,25.4,29.2,22.3,601518,9143.337645,1775664
2022-09,전북,21.3,26.8,16.7,607064,10838.40501,1772596
2022-10,전북,13.8,20.3,8.3,613562,20181.42521,1771776
2022-11,전북,9.4,16.7,3.5,618860,34386.44899,1770839
2022-12,전북,-1.4,3.8,-6.0,627409,71202.76249,1769607
2023-01,전북,-0.4,5.2,-5.7,627405,71974.69558,1768229
2023-02,전북,1.9,8.1,-3.5,627576,60201.7754,1766524
2023-03,전북,8.8,16.5,1.9,625888,40133.07768,1765175
2023-04,전북,12.9,19.3,6.7,622063,26410.31405,1764181
2023-05,전북,18.1,24.1,12.8,620347,16933.80416,1763004
2023-06,전북,22.4,27.9,18.0,615884,11293.72985,1762021
2023-07,전북,25.7,29.8,22.7,611061,9417.741936,1761169
2023-08,전북,26.6,31.4,23.0,609124,7993.09506,1759815
2023-09,전북,22.7,27.6,19.1,613151,9020.876259,1758661
2023-10,전북,14.8,21.3,9.5,622032,15760.71947,1757295
2023-11,전북,8.1,13.6,3.0,629900,36900.30349,1756183
2023-12,전북,3.1,7.8,-1.0,632428,59680.23869,1754757
2024-01,전북,1.2,5.9,-2.8,636527,68035.47755,1752921
2024-02,전북,4.6,9.4,0.4,635780,57114.74822,1751318
2024-03,전북,6.8,12.7,1.3,634840,52264.31063,1749376
2024-04,전북,14.9,21.4,9.3,632202,24190.98395,1748047
2024-05,전북,17.7,24.1,11.8,629353,17211.05855,1746912
2024-06,전북,22.6,28.4,17.5,625458,11727.40569,1745885
2024-07,전북,26.7,30.4,23.7,621803,10113.45678,1744661
2024-08,전북,28.0,33.3,24.2,617017,8883.794872,1743183
2024-09,전북,25.4,30.7,21.3,620511,8650.119139,1741640
2024-10,전북,16.2,21.8,11.6,629226,15221.53941,1740753
2024-11,전북,9.6,15.8,4.6,637169,30874.68629,1739751
2024-12,전북,1.9,6.6,-2.1,644622,62460.8193,1738690
2025-01,전북,-0.2,5.3,-4.8,648823,65708.0541,1737351
2025-02,전북,-0.7,4.6,-5.6,651270,72895.43625,1735008
2025-03,전북,7.6,14.1,1.7,645981,45870.98949,1733574
2025-04,전북,13.0,20.0,6.3,641937,30147.18872,1732439
2025-05,전북,17.0,22.7,11.8,639422,18940.25289,1731309
2025-06,전북,23.0,28.5,18.1,635059,11046.23206,1730258
2025-07,전북,27.3,32.6,23.0,628830,9196.58258,1729337
2025-08,전북,27.0,31.8,23.2,625753,8285.888613,1728330
2025-09,전북,23.3,27.8,19.8,630414,8414.80273,1727716
2025-10,전북,17.1,22.1,13.2,641162,14200.52256,1726914
2025-11,전북,8.5,15.1,3.0,647363,34722.51884,1725960
2025-12,전북,2.7,8.0,-2.3,654847,59390.11619,1724856
2026-01,전북,-1.5,3.8,-6.7,657253,75876.88207,1723497
2026-02,전북,2.1,8.5,-3.4,657650,62946.64741,1721941
2026-03,전북,6.9,14.0,1.1,654741,46680.70793,1720812
2026-04,전북,13.4,20.3,7.1,651262,26501.4275,1720203
2026-05,전북,18.3,24.9,12.3,648200,16674.18463,1719420
2026-06,전북,22.4,28.1,17.5,643961,10988.10275,1718633
2021-01,제주,6.7,9.8,3.5,32030,2966.51,674615
2021-02,제주,9.3,13.0,6.0,32158,2242.84,675137
2021-03,제주,12.5,16.2,9.0,32361,1715.16,673974
2021-04,제주,15.4,19.2,12.0,32378,1186.35,674484
2021-05,제주,18.6,22.6,15.2,32362,831.84,674877
2021-06,제주,22.8,26.1,20.2,32315,630.94,675293
2021-07,제주,26.9,29.7,24.8,32444,577.64,675876
2021-08,제주,26.7,29.5,24.5,32695,573.28,675883
2021-09,제주,24.5,27.3,22.1,33742,615.21,676079
2021-10,제주,20.0,23.5,17.0,34194,903.81,676569
2021-11,제주,13.8,17.8,10.5,35835,1731.84,676768
2021-12,제주,8.8,12.3,5.9,35829,2877.41,676759
2022-01,제주,6.3,9.3,4.0,36323,3525.98,676691
2022-02,제주,5.4,8.5,2.5,36583,3166.27,677143
2022-03,제주,11.5,15.3,7.9,36865,2199.86,677218
2022-04,제주,15.4,19.3,12.0,38220,1323.01,677413
2022-05,제주,18.9,22.8,15.4,38916,923.52,677766
2022-06,제주,22.7,25.7,20.3,39365,704.53,678012
2022-07,제주,27.3,30.4,24.8,39842,600.33,678491
2022-08,제주,28.1,31.1,25.6,40477,584.72,679016
2022-09,제주,24.0,26.9,21.7,41091,683.68,678426
2022-10,제주,18.3,21.5,15.4,42402,1055.16,678324
2022-11,제주,15.5,19.3,12.1,44028,1593.21,678373
2022-12,제주,6.8,9.8,4.0,45112,3919.9,678159
2023-01,제주,6.7,10.3,3.5,45356,3818.23,677493
2023-02,제주,8.0,11.3,4.9,45703,2942.59,677090
2023-03,제주,12.4,16.1,8.8,46077,2106.88,677031
2023-04,제주,15.2,18.8,11.8,46273,1452.08,677115
2023-05,제주,18.5,21.9,15.5,46383,1075.04,677057
2023-06,제주,22.3,25.3,19.8,46774,787.07,676832
2023-07,제주,26.6,29.1,24.6,46988,694.19,676810
2023-08,제주,28.0,30.9,25.5,47409,656.46,676489
2023-09,제주,25.4,28.4,22.9,47860,685.72,676317
2023-10,제주,19.2,22.9,16.1,48034,951.9,676119
2023-11,제주,13.7,17.4,10.3,48462,2066.76,675845
2023-12,제주,9.4,12.7,6.5,48814,3455.21,675252
2024-01,제주,7.8,10.9,4.8,49041,3817.49,674353
2024-02,제주,9.7,12.4,7.3,49524,3179.54,673665
2024-03,제주,10.7,14.3,7.2,49658,2901.41,673103
2024-04,제주,16.2,19.5,13.2,50032,1370.16,672775
2024-05,제주,18.7,22.4,15.2,50286,1072.05,672563
2024-06,제주,22.3,25.3,19.7,50785,849.59,672252
2024-07,제주,27.4,29.9,25.3,51554,751.05,672068
2024-08,제주,29.3,32.5,26.7,51871,690.21,671540
2024-09,제주,27.4,30.7,24.7,52152,709.1,671064
2024-10,제주,20.9,24.0,18.2,52692,941.49,670837
2024-11,제주,15.1,18.3,12.3,52784,1847.28,670632
2024-12,제주,8.4,11.6,5.6,53417,3966.38,670368
2025-01,제주,6.5,10.1,3.4,54343,4534.66,669460
2025-02,제주,5.2,8.5,2.2,54762,4430.66,668205
2025-03,제주,11.0,14.6,7.7,54772,2975.34,667739
2025-04,제주,14.8,18.8,10.9,54889,1716.12,667513
2025-05,제주,17.5,21.2,14.2,54932,1225.33,667242
2025-06,제주,22.5,25.5,19.8,55018,879.01,666625
2025-07,제주,27.9,30.9,25.5,55232,767.92,666226
2025-08,제주,28.8,31.8,26.2,55264,722.9,665953
2025-09,제주,26.9,30.1,24.3,55416,726.35,665610
2025-10,제주,21.9,25.1,19.4,55757,964.95,665276
2025-11,제주,14.5,18.2,11.2,56006,1986.13,664922
2025-12,제주,9.8,13.7,6.0,56190,3551.93,664792
2026-01,제주,6.1,9.5,2.8,56309,4827.52,663995
2026-02,제주,8.2,11.9,5.0,56749,3756.88,663514
2026-03,제주,10.9,14.8,7.5,56628,2987.98,663177
2026-04,제주,15.4,19.0,12.0,56633,1631.75,663229
2026-05,제주,19.3,23.1,15.9,57120,1176.69,662969
2026-06,제주,22.3,25.4,19.8,57224,901.02,662792
2021-01,충남,-1.6,4.0,-7.0,694040,82801.0,2119837
2021-02,충남,3.0,9.0,-2.6,695209,66906.0,2119542
2021-03,충남,8.3,15.0,2.3,695008,45892.0,2115823
2021-04,충남,13.4,19.8,7.1,690761,32083.0,2116452
2021-05,충남,16.5,22.3,11.3,690693,21739.0,2117260
2021-06,충남,22.2,27.4,17.8,692180,15484.0,2117400
2021-07,충남,26.7,31.6,22.6,692954,11192.0,2118205
2021-08,충남,25.1,29.6,21.7,694296,9383.0,2118183
2021-09,충남,21.8,26.6,17.9,696925,10911.0,2118098
2021-10,충남,14.9,21.4,10.0,700082,17942.0,2118977
2021-11,충남,8.1,14.5,3.0,705311,39513.0,2119529
2021-12,충남,1.5,7.3,-3.4,712736,62922.0,2119257
2022-01,충남,-1.6,4.4,-7.1,718522,83210.0,2118638
2022-02,충남,-0.6,5.3,-6.1,720044,77400.0,2118912
2022-03,충남,7.1,13.4,1.1,721755,52394.0,2119099
2022-04,충남,13.2,20.3,6.6,720025,35240.0,2119296
2022-05,충남,17.6,24.4,11.0,720036,19737.0,2119661
2022-06,충남,22.9,27.7,18.7,720922,14605.0,2120201
2022-07,충남,26.2,30.6,22.6,721551,11413.0,2121011
2022-08,충남,25.2,28.9,22.0,722242,10336.0,2121082
2022-09,충남,21.2,27.0,16.6,726146,11354.0,2120269
2022-10,충남,13.6,20.0,8.4,729887,19645.0,2121333
2022-11,충남,9.0,16.3,3.2,735253,34652.0,2122357
2022-12,충남,-2.1,3.2,-6.8,743591,72318.0,2123037
2023-01,충남,-1.2,4.7,-6.5,746970,80488.0,2122913
2023-02,충남,1.6,8.0,-4.0,747941,71915.0,2123625
2023-03,충남,8.7,16.4,1.3,747467,44155.0,2124650
2023-04,충남,13.0,19.4,6.5,746366,30693.0,2125333
2023-05,충남,18.1,24.3,12.3,746587,20997.0,2125833
2023-06,충남,22.6,28.0,18.0,747261,14211.0,2126374
2023-07,충남,25.6,29.7,22.7,748709,10796.0,2126640
2023-08,충남,26.6,31.4,23.0,751185,8742.0,2127077
2023-09,충남,22.6,27.4,18.9,753924,9599.0,2127630
2023-10,충남,14.5,21.2,9.3,757102,16979.0,2128563
2023-11,충남,7.5,13.0,2.5,761497,37784.0,2129591
2023-12,충남,2.2,7.0,-2.1,768666,65677.0,2130119
2024-01,충남,0.2,5.1,-4.1,772780,79120.0,2130509
2024-02,충남,3.8,8.6,-0.5,774042,68144.0,2131309
2024-03,충남,6.5,12.6,0.8,775865,53605.0,2132745
2024-04,충남,15.0,21.6,9.0,775817,29187.0,2133828
2024-05,충남,17.4,23.8,11.4,774601,18740.0,2134618
2024-06,충남,22.9,29.0,17.2,776245,14061.0,2134817
2024-07,충남,26.3,29.9,23.4,776079,11486.0,2135171
2024-08,충남,28.3,33.2,24.5,776615,9160.0,2135281
2024-09,충남,25.3,30.6,21.4,777897,9037.0,2135373
2024-10,충남,15.9,21.4,11.4,780515,14368.0,2136010
2024-11,충남,9.3,15.9,4.0,785250,30242.0,2136632
2024-12,충남,1.4,6.4,-3.0,791087,67315.0,2136574
2025-01,충남,-0.4,5.3,-5.3,794559,76493.0,2135815
2025-02,충남,-0.9,4.9,-6.3,795769,84143.0,2135340
2025-03,충남,7.4,13.7,1.4,794113,51846.0,2135628
2025-04,충남,12.8,19.8,6.0,790741,35334.0,2135908
2025-05,충남,16.8,22.7,11.3,789562,21526.0,2135908
2025-06,충남,22.9,28.2,18.2,788886,14431.0,2135890
2025-07,충남,27.5,32.4,23.5,789007,10401.0,2136299
2025-08,충남,27.3,32.0,23.5,788297,9060.0,2136195
2025-09,충남,23.0,27.5,19.4,791292,9163.0,2136551
2025-10,충남,16.7,21.5,13.0,792239,13702.0,2136678
2025-11,충남,8.4,15.2,2.7,795624,36919.0,2136966
2025-12,충남,2.1,7.3,-3.1,800562,62651.0,2136753
2026-01,충남,-2.2,3.2,-7.5,806766,86987.0,2136204
2026-02,충남,2.0,8.6,-4.0,806850,78647.0,2136064
2026-03,충남,6.9,14.0,0.7,807574,51747.0,2136826
2026-04,충남,13.5,20.7,6.5,804949,31963.0,2137689
2026-05,충남,18.5,25.1,12.4,805331,20095.0,2138517
2026-06,충남,22.8,28.6,17.5,805842,14344.0,2138785
2021-01,충북,-3.0,2.9,-8.6,511456,62643.99177,1599658
2021-02,충북,2.1,8.4,-4.1,509741,42621.61682,1599122
2021-03,충북,8.0,14.5,1.8,507702,35126.42818,1595714
2021-04,충북,13.0,19.4,6.5,507785,19672.81301,1596303
2021-05,충북,16.0,21.9,10.4,507071,15705.95046,1596955
2021-06,충북,21.8,27.3,17.1,506844,9110.444594,1597503
2021-07,충북,26.0,31.2,21.8,507069,7395.190318,1597501
2021-08,충북,24.2,28.6,20.8,509142,5295.472342,1597179
2021-09,충북,20.7,25.5,16.4,510875,7968.741475,1596765
2021-10,충북,13.8,20.2,8.8,513464,12827.12231,1596948
2021-11,충북,6.8,13.3,1.6,518660,28499.4253,1597019
2021-12,충북,0.1,5.7,-5.0,525865,48949.04636,1597427
2022-01,충북,-2.7,3.2,-8.4,527236,61945.10447,1597097
2022-02,충북,-1.6,4.4,-7.3,527646,48262.19909,1597022
2022-03,충북,6.8,13.1,0.7,526082,41788.46723,1597484
2022-04,충북,13.4,20.8,6.0,525453,22182.94552,1597284
2022-05,충북,17.7,24.8,10.5,523010,12936.86226,1597033
2022-06,충북,22.5,27.9,17.7,523288,8554.120171,1597118
2022-07,충북,25.7,30.2,22.1,524263,7075.256351,1597163
2022-08,충북,24.6,28.4,21.4,525579,5322.039427,1596886
2022-09,충북,20.3,26.2,15.5,527059,7077.59,1595624
2022-10,충북,12.8,19.2,7.3,528951,14748.14044,1595578
2022-11,충북,7.9,15.2,1.8,533359,26999.21244,1595284
2022-12,충북,-3.9,1.5,-8.9,536953,54081.54492,1595058
2023-01,충북,-2.5,3.4,-7.9,537948,59164.91749,1594459
2023-02,충북,1.3,7.4,-4.4,536621,45887.79021,1593434
2023-03,충북,8.8,16.6,1.0,536038,31039.73555,1594056
2023-04,충북,12.7,19.1,5.9,536468,19092.51987,1594109
2023-05,충북,18.0,24.2,11.6,535715,11839.41055,1594007
2023-06,충북,22.5,28.0,17.7,536551,8404.363621,1593931
2023-07,충북,25.4,29.8,22.1,535442,6767.860666,1594240
2023-08,충북,26.2,30.9,22.5,536418,5390.083543,1594337
2023-09,충북,22.0,26.8,18.2,538701,6251.155774,1594326
2023-10,충북,13.4,20.2,7.7,540036,11399.78674,1594211
2023-11,충북,6.3,12.2,0.9,543673,28660.68525,1594038
2023-12,충북,0.7,5.7,-3.9,548787,48187.77727,1593469
2024-01,충북,-0.7,3.8,-4.8,549510,56670.13951,1592155
2024-02,충북,3.1,7.9,-1.1,547425,43679.7473,1590947
2024-03,충북,6.3,12.2,0.2,545770,39850.86957,1591044
2024-04,충북,15.2,21.7,9.0,544032,17345.95137,1590854
2024-05,충북,17.5,24.1,11.1,547095,12380.01212,1591201
2024-06,충북,22.8,29.0,16.9,546213,8035.44468,1591485
2024-07,충북,25.9,29.9,22.9,547669,6453.445813,1591182
2024-08,충북,27.6,32.7,23.5,547852,5728.715421,1590716
2024-09,충북,24.2,29.4,20.2,548892,4341.624329,1590858
2024-10,충북,14.9,20.3,10.4,551673,11603.40135,1590704
2024-11,충북,8.4,14.7,3.0,556585,21458.11151,1591100
2024-12,충북,0.0,4.9,-4.6,563809,46481.12591,1591177
2025-01,충북,-1.8,3.7,-6.8,564901,59956.35716,1590666
2025-02,충북,-2.0,3.6,-7.6,566482,53412.14055,1590107
2025-03,충북,7.0,13.3,0.9,564958,38651.29125,1590512
2025-04,충북,12.9,20.2,5.7,562363,23463.03547,1590735
2025-05,충북,16.6,22.6,10.7,562151,13926.53848,1590956
2025-06,충북,22.9,28.5,17.9,564664,8304.783277,1591045
2025-07,충북,26.7,31.7,22.6,562505,7044.444376,1591815
2025-08,충북,26.7,31.6,22.7,566501,6073.582148,1591965
2025-09,충북,22.2,26.9,18.6,566005,5594.196207,1592431
2025-10,충북,15.8,20.3,12.1,569309,9286.008883,1592916
2025-11,충북,7.1,14.0,1.2,572797,28165.29898,1593151
2025-12,충북,0.5,5.5,-4.4,584848,47439.08972,1596502
2026-01,충북,-3.5,1.8,-8.9,586691,65294.78392,1596749
2026-02,충북,1.1,7.7,-5.0,584666,47598.86031,1596816
2026-03,충북,6.8,13.6,0.5,579452,39099.27091,1597976
2026-04,충북,13.5,20.6,6.4,576171,21893.60408,1599375
2026-05,충북,18.6,25.5,11.8,576065,12157.52494,1600216
2026-06,충북,22.4,28.4,16.8,569373,7129.989302,1600787
